id,date,channel,message
1,2026-10-05,email,"Got a grinder with a bent handle, it scrapes the body when I turn it."
2,2026-10-05,whatsapp,"Paisa kat gaya but order confirm nahi hua. Rs 1,099 debited, no order in my account."
3,2026-10-05,instagram,"Your Baba Budan roast + oat milk = my whole personality now."
4,2026-10-06,email,"Is the Sumatra blend good for French press or only for filter?"
5,2026-10-06,app review,"The app crashes when I try to change my delivery address."
6,2026-10-06,email,"Please add UPI autopay for subscriptions. Card renewals keep failing for me."
7,2026-10-07,twitter,"Order stuck at 'shipped' for 8 days. Nobody answers the phone. Filing a complaint on the consumer forum tomorrow."
8,2026-10-07,email,"The beans were fine but the box was crushed on one side."
9,2026-10-07,whatsapp,"Can I gift a 3-month subscription to my brother in Pune?"
10,2026-10-08,email,"There was a small plastic piece inside the bean bag. My kid almost picked it up."
11,2026-10-08,instagram,"Customer care fixed my wrong order in a day. Thank you, Priya from support!"
12,2026-10-08,email,"You charged GST twice on my invoice, please send a corrected one."
